species	electiveCS_mean	VD_mean	b_mean	c_mean	d_mean	healthy_mean	genus_name	genus_lineage	species_name	species_lineage
Rothia_mucilaginosa	0.0	0.12127	0.222804167	150.9650465	91.03348	795.387532	Rothia	Bacteria;Actinobacteria;Actinomycetia;Micrococcales;Micrococcaceae;Rothia;	Rothia mucilaginosa	Bacteria;Actinobacteria;Actinomycetia;Micrococcales;Micrococcaceae;Rothia;Rothia mucilaginosa
Neisseria_subflava	0.0	0.14645	0.805742083	148.7237361	55.17494563	544.1000113	Neisseria	Bacteria;Proteobacteria;Betaproteobacteria;Neisseriales;Neisseriaceae;Neisseria;	Neisseria subflava	Bacteria;Proteobacteria;Betaproteobacteria;Neisseriales;Neisseriaceae;Neisseria;Neisseria subflava
Schaalia_odontolytica	0.0	0.0	0.0	86.0440913	7.1197675	417.377783	Schaalia	Bacteria;Actinobacteria;Actinomycetia;Actinomycetales;Actinomycetaceae;Schaalia;	Schaalia odontolytica	Bacteria;Actinobacteria;Actinomycetia;Actinomycetales;Actinomycetaceae;Schaalia;Schaalia odontolytica
Streptococcus_parasanguinis	0.0	0.0	5.649105417	42.34145783	13.84192875	436.8580873	Streptococcus	Bacteria;Firmicutes;Bacilli;Lactobacillales;Streptococcaceae;Streptococcus;	Streptococcus parasanguinis	Bacteria;Firmicutes;Bacilli;Lactobacillales;Streptococcaceae;Streptococcus;Streptococcus parasanguinis
Streptococcus_mitis	0.0	3.932495	4.34607375	257.8136009	28.22126813	163.9158597	Streptococcus	Bacteria;Firmicutes;Bacilli;Lactobacillales;Streptococcaceae;Streptococcus;	Streptococcus mitis	Bacteria;Firmicutes;Bacilli;Lactobacillales;Streptococcaceae;Streptococcus;Streptococcus mitis
Prevotella_melaninogenica	0.0	0.0	0.0	159.6713113	29.460945	264.221207	Prevotella	Bacteria;Bacteroidetes;Bacteroidia;Bacteroidales;Prevotellaceae;Prevotella;	Prevotella melaninogenica	Bacteria;Bacteroidetes;Bacteroidia;Bacteroidales;Prevotellaceae;Prevotella;Prevotella melaninogenica
Veillonella_dispar	0.0	0.0	0.94959	83.52384261	17.38034313	299.3840557	Veillonella	Bacteria;Firmicutes;Negativicutes;Veillonellales;Veillonellaceae;Veillonella;	Veillonella dispar	Bacteria;Firmicutes;Negativicutes;Veillonellales;Veillonellaceae;Veillonella;Veillonella dispar
Veillonella_atypica	0.0	0.0	5.5111425	44.08574087	17.0764675	261.07512	Veillonella	Bacteria;Firmicutes;Negativicutes;Veillonellales;Veillonellaceae;Veillonella;	Veillonella atypica	Bacteria;Firmicutes;Negativicutes;Veillonellales;Veillonellaceae;Veillonella;Veillonella atypica
Haemophilus_parainfluenzae	0.0	0.0517	8.164918333	75.76590957	20.21037563	85.39782567	Haemophilus	Bacteria;Proteobacteria;Gammaproteobacteria;Pasteurellales;Pasteurellaceae;Haemophilus;	Haemophilus parainfluenzae	Bacteria;Proteobacteria;Gammaproteobacteria;Pasteurellales;Pasteurellaceae;Haemophilus;Haemophilus parainfluenzae
Fusobacterium_periodonticum	0.0	0.04156	0.0	50.84660087	23.28037	112.1385197	Fusobacterium	Bacteria;Fusobacteria;Fusobacteriia;Fusobacteriales;Fusobacteriaceae;Fusobacterium;	Fusobacterium periodonticum	Bacteria;Fusobacteria;Fusobacteriia;Fusobacteriales;Fusobacteriaceae;Fusobacterium;Fusobacterium periodonticum
Streptococcus_salivarius	0.0	0.0	11.74158458	8.687207826	7.06182125	144.4926803	Streptococcus	Bacteria;Firmicutes;Bacilli;Lactobacillales;Streptococcaceae;Streptococcus;	Streptococcus salivarius	Bacteria;Firmicutes;Bacilli;Lactobacillales;Streptococcaceae;Streptococcus;Streptococcus salivarius
Streptococcus_pseudopneumoniae	0.0	2.4361	1.75789	79.57283043	18.98445625	57.03667067	Streptococcus	Bacteria;Firmicutes;Bacilli;Lactobacillales;Streptococcaceae;Streptococcus;	Streptococcus pseudopneumoniae	Bacteria;Firmicutes;Bacilli;Lactobacillales;Streptococcaceae;Streptococcus;Streptococcus pseudopneumoniae
Streptococcus_equinus	0.0	0.0	6.6157775	8.246548261	11.25680625	107.7157457	Streptococcus	Bacteria;Firmicutes;Bacilli;Lactobacillales;Streptococcaceae;Streptococcus;	Streptococcus equinus	Bacteria;Firmicutes;Bacilli;Lactobacillales;Streptococcaceae;Streptococcus;Streptococcus equinus
Gemella_haemolysans	0.0	0.27203	9.132450833	38.01405	19.47689438	60.954469	Gemella	Bacteria;Firmicutes;Bacilli;Bacillales;;Gemella;	Gemella haemolysans	Bacteria;Firmicutes;Bacilli;Bacillales;;Gemella;Gemella haemolysans
Staphylococcus_hominis	61.26087	29.62984	25.03909458	0.654313478	0.0594425	0.992641	Staphylococcus	Bacteria;Firmicutes;Bacilli;Bacillales;Staphylococcaceae;Staphylococcus;	Staphylococcus hominis	Bacteria;Firmicutes;Bacilli;Bacillales;Staphylococcaceae;Staphylococcus;Staphylococcus hominis
Neisseria_cinerea	0.0	0.0	0.008071667	7.51096913	77.29106938	21.70573933	Neisseria	Bacteria;Proteobacteria;Betaproteobacteria;Neisseriales;Neisseriaceae;Neisseria;	Neisseria cinerea	Bacteria;Proteobacteria;Betaproteobacteria;Neisseriales;Neisseriaceae;Neisseria;Neisseria cinerea
Streptococcus_pneumoniae	0.0	1.50555	1.178375	49.7699713	11.43759938	37.97279067	Streptococcus	Bacteria;Firmicutes;Bacilli;Lactobacillales;Streptococcaceae;Streptococcus;	Streptococcus pneumoniae	Bacteria;Firmicutes;Bacilli;Lactobacillales;Streptococcaceae;Streptococcus;Streptococcus pneumoniae
Campylobacter_concisus	0.0	0.0	0.0	11.65662565	3.106825625	80.04673167	Campylobacter	Bacteria;Proteobacteria;Epsilonproteobacteria;Campylobacterales;Campylobacteraceae;Campylobacter;	Campylobacter concisus	Bacteria;Proteobacteria;Epsilonproteobacteria;Campylobacterales;Campylobacteraceae;Campylobacter;Campylobacter concisus
Gemella_sanguinis	0.0	0.0	0.195207917	7.88368	5.6722525	75.75895433	Gemella	Bacteria;Firmicutes;Bacilli;Bacillales;;Gemella;	Gemella sanguinis	Bacteria;Firmicutes;Bacilli;Bacillales;;Gemella;Gemella sanguinis
Prevotella_jejuni	0.0	0.0	0.0	29.13021478	16.69447938	31.159645	Prevotella	Bacteria;Bacteroidetes;Bacteroidia;Bacteroidales;Prevotellaceae;Prevotella;	Prevotella jejuni	Bacteria;Bacteroidetes;Bacteroidia;Bacteroidales;Prevotellaceae;Prevotella;Prevotella jejuni
Staphylococcus_haemolyticus	0.096055	71.653445	2.950224583	0.025244348	0.02021625	0.0	Staphylococcus	Bacteria;Firmicutes;Bacilli;Bacillales;Staphylococcaceae;Staphylococcus;	Staphylococcus haemolyticus	Bacteria;Firmicutes;Bacilli;Bacillales;Staphylococcaceae;Staphylococcus;Staphylococcus haemolyticus
Streptococcus_oralis	0.0	0.46415	0.40514125	18.65185783	4.34742625	45.19011	Streptococcus	Bacteria;Firmicutes;Bacilli;Lactobacillales;Streptococcaceae;Streptococcus;	Streptococcus oralis	Bacteria;Firmicutes;Bacilli;Lactobacillales;Streptococcaceae;Streptococcus;Streptococcus oralis
Klebsiella_aerogenes	0.0	0.0	62.02952208	0.0	0.003470625	0.0	Klebsiella	Bacteria;Proteobacteria;Gammaproteobacteria;Enterobacterales;Enterobacteriaceae;Klebsiella;	Klebsiella aerogenes	Bacteria;Proteobacteria;Gammaproteobacteria;Enterobacterales;Enterobacteriaceae;Klebsiella;Klebsiella aerogenes
Escherichia_coli	0.0	51.06173	2.723310833	0.020523043	0.17305125	0.027313667	Escherichia	Bacteria;Proteobacteria;Gammaproteobacteria;Enterobacterales;Enterobacteriaceae;Escherichia;	Escherichia coli	Bacteria;Proteobacteria;Gammaproteobacteria;Enterobacterales;Enterobacteriaceae;Escherichia;Escherichia coli
Haemophilus_parahaemolyticus	0.0	0.0	0.059918333	30.76315913	10.96541438	10.14136533	Haemophilus	Bacteria;Proteobacteria;Gammaproteobacteria;Pasteurellales;Pasteurellaceae;Haemophilus;	Haemophilus parahaemolyticus	Bacteria;Proteobacteria;Gammaproteobacteria;Pasteurellales;Pasteurellaceae;Haemophilus;Haemophilus parahaemolyticus
Haemophilus_influenzae	0.0	0.0	0.98547	14.41720348	20.39742188	13.277286	Haemophilus	Bacteria;Proteobacteria;Gammaproteobacteria;Pasteurellales;Pasteurellaceae;Haemophilus;	Haemophilus influenzae	Bacteria;Proteobacteria;Gammaproteobacteria;Pasteurellales;Pasteurellaceae;Haemophilus;Haemophilus influenzae
Streptococcus_thermophilus	0.05337	0.0	1.508618333	24.73276174	1.05670125	18.23629733	Streptococcus	Bacteria;Firmicutes;Bacilli;Lactobacillales;Streptococcaceae;Streptococcus;	Streptococcus thermophilus	Bacteria;Firmicutes;Bacilli;Lactobacillales;Streptococcaceae;Streptococcus;Streptococcus thermophilus
Ureaplasma_parvum	0.0	44.19405	0.570105	0.0	0.0	0.0	Ureaplasma	Bacteria;Tenericutes;Mollicutes;Mycoplasmatales;Mycoplasmataceae;Ureaplasma;	Ureaplasma parvum	Bacteria;Tenericutes;Mollicutes;Mycoplasmatales;Mycoplasmataceae;Ureaplasma;Ureaplasma parvum
Enterococcus_faecalis	0.0	30.37901	13.18751708	0.046374348	0.310959375	0.127995	Enterococcus	Bacteria;Firmicutes;Bacilli;Lactobacillales;Enterococcaceae;Enterococcus;	Enterococcus faecalis	Bacteria;Firmicutes;Bacilli;Lactobacillales;Enterococcaceae;Enterococcus;Enterococcus faecalis
Veillonella_parvula	0.0	0.0	0.264412083	5.07137087	1.73354375	32.18649767	Veillonella	Bacteria;Firmicutes;Negativicutes;Veillonellales;Veillonellaceae;Veillonella;	Veillonella parvula	Bacteria;Firmicutes;Negativicutes;Veillonellales;Veillonellaceae;Veillonella;Veillonella parvula
Atopobium_parvulum	0.0	0.0	0.0	2.50806913	0.33774375	30.37538	Atopobium	Bacteria;Actinobacteria;Coriobacteriia;Coriobacteriales;Atopobiaceae;Atopobium;	Atopobium parvulum	Bacteria;Actinobacteria;Coriobacteriia;Coriobacteriales;Atopobiaceae;Lancefieldella;Lancefieldella parvula
Neisseria_lactamica	0.0	0.0	0.0	0.944716957	23.58665938	6.632721333	Neisseria	Bacteria;Proteobacteria;Betaproteobacteria;Neisseriales;Neisseriaceae;Neisseria;	Neisseria lactamica	Bacteria;Proteobacteria;Betaproteobacteria;Neisseriales;Neisseriaceae;Neisseria;Neisseria lactamica
Staphylococcus_epidermidis	1.46795	0.764083333	26.387975	0.408227826	0.14322375	1.255383	Staphylococcus	Bacteria;Firmicutes;Bacilli;Bacillales;Staphylococcaceae;Staphylococcus;	Staphylococcus epidermidis	Bacteria;Firmicutes;Bacilli;Bacillales;Staphylococcaceae;Staphylococcus;Staphylococcus epidermidis
Human_herpesvirus_5	0.0	0.0	0.0	11.5171013	0.0	2.384314333	NOT KNOWN	;;;;;;	NOT KNOWN	;;;;;;
Streptococcus_cristatus	0.0	0.0	0.063299167	2.375771739	0.86335	9.62654	Streptococcus	Bacteria;Firmicutes;Bacilli;Lactobacillales;Streptococcaceae;Streptococcus;	Streptococcus cristatus	Bacteria;Firmicutes;Bacilli;Lactobacillales;Streptococcaceae;Streptococcus;Streptococcus cristatus
Neisseria_mucosa	0.0	0.0	0.013126667	2.669336957	2.610251875	7.138567333	Neisseria	Bacteria;Proteobacteria;Betaproteobacteria;Neisseriales;Neisseriaceae;Neisseria;	Neisseria mucosa	Bacteria;Proteobacteria;Betaproteobacteria;Neisseriales;Neisseriaceae;Neisseria;Neisseria mucosa
Leptotrichia_buccalis	0.0	0.0	0.0	1.595173478	0.946425	8.636806	Leptotrichia	Bacteria;Fusobacteria;Fusobacteriia;Fusobacteriales;Leptotrichiaceae;Leptotrichia;	Leptotrichia buccalis	Bacteria;Fusobacteria;Fusobacteriia;Fusobacteriales;Leptotrichiaceae;Leptotrichia;Leptotrichia buccalis
Streptococcus_gordonii	0.0	0.0	0.172451667	3.098256522	0.639843125	6.862502333	Streptococcus	Bacteria;Firmicutes;Bacilli;Lactobacillales;Streptococcaceae;Streptococcus;	Streptococcus gordonii	Bacteria;Firmicutes;Bacilli;Lactobacillales;Streptococcaceae;Streptococcus;Streptococcus gordonii
Actinomyces_meyeri	0.0	0.0	0.0	1.077203913	0.25151875	8.568349667	Actinomyces	Bacteria;Actinobacteria;Actinomycetia;Actinomycetales;Actinomycetaceae;Actinomyces;	Actinomyces meyeri	Bacteria;Actinobacteria;Actinomycetia;Actinomycetales;Actinomycetaceae;Schaalia;Schaalia meyeri
Neisseria_meningitidis	0.0	0.0	0.0	1.123892174	6.34214125	2.331333667	Neisseria	Bacteria;Proteobacteria;Betaproteobacteria;Neisseriales;Neisseriaceae;Neisseria;	Neisseria meningitidis	Bacteria;Proteobacteria;Betaproteobacteria;Neisseriales;Neisseriaceae;Neisseria;Neisseria meningitidis
Streptococcus_anginosus	0.0	6.68067	0.00791625	0.249753913	0.16072	2.561392	Streptococcus	Bacteria;Firmicutes;Bacilli;Lactobacillales;Streptococcaceae;Streptococcus;	Streptococcus anginosus	Bacteria;Firmicutes;Bacilli;Lactobacillales;Streptococcaceae;Streptococcus;Streptococcus anginosus
Klebsiella_pneumoniae	0.0	1.83687	6.618690417	0.0	0.55027	0.0	Klebsiella	Bacteria;Proteobacteria;Gammaproteobacteria;Enterobacterales;Enterobacteriaceae;Klebsiella;	Klebsiella pneumoniae	Bacteria;Proteobacteria;Gammaproteobacteria;Enterobacterales;Enterobacteriaceae;Klebsiella;Klebsiella pneumoniae
Bifidobacterium_breve	0.0	0.11604	0.089637083	0.49846913	1.5297625	6.113631667	Bifidobacterium	Bacteria;Actinobacteria;Actinomycetia;Bifidobacteriales;Bifidobacteriaceae;Bifidobacterium;	Bifidobacterium breve	Bacteria;Actinobacteria;Actinomycetia;Bifidobacteriales;Bifidobacteriaceae;Bifidobacterium;Bifidobacterium breve
Capnocytophaga_sputigena	0.0	0.0	0.0	0.078607391	0.649351875	7.004295333	Capnocytophaga	Bacteria;Bacteroidetes;Flavobacteriia;Flavobacteriales;Flavobacteriaceae;Capnocytophaga;	Capnocytophaga sputigena	Bacteria;Bacteroidetes;Flavobacteriia;Flavobacteriales;Flavobacteriaceae;Capnocytophaga;Capnocytophaga sputigena
Neisseria_gonorrhoeae	0.0	0.0	0.0	0.624372174	4.8517025	2.102619667	Neisseria	Bacteria;Proteobacteria;Betaproteobacteria;Neisseriales;Neisseriaceae;Neisseria;	Neisseria gonorrhoeae	Bacteria;Proteobacteria;Betaproteobacteria;Neisseriales;Neisseriaceae;Neisseria;Neisseria gonorrhoeae
Streptococcus_sanguinis	0.0	0.0	0.032918333	1.395704348	0.53130125	5.546416667	Streptococcus	Bacteria;Firmicutes;Bacilli;Lactobacillales;Streptococcaceae;Streptococcus;	Streptococcus sanguinis	Bacteria;Firmicutes;Bacilli;Lactobacillales;Streptococcaceae;Streptococcus;Streptococcus sanguinis
Serratia_marcescens	0.0	0.0	7.444844583	0.0	0.0	0.0	Serratia	Bacteria;Proteobacteria;Gammaproteobacteria;Enterobacterales;Yersiniaceae;Serratia;	Serratia marcescens	Bacteria;Proteobacteria;Gammaproteobacteria;Enterobacterales;Yersiniaceae;Serratia;Serratia marcescens
Ureaplasma_urealyticum	0.0	7.34043	0.0	0.0	0.0	0.0	Ureaplasma	Bacteria;Tenericutes;Mollicutes;Mycoplasmatales;Mycoplasmataceae;Ureaplasma;	Ureaplasma urealyticum	Bacteria;Tenericutes;Mollicutes;Mycoplasmatales;Mycoplasmataceae;Ureaplasma;Ureaplasma urealyticum
Capnocytophaga_leadbetteri	0.0	0.0	0.0	2.141485652	1.488775625	3.231081667	Capnocytophaga	Bacteria;Bacteroidetes;Flavobacteriia;Flavobacteriales;Flavobacteriaceae;Capnocytophaga;	Capnocytophaga leadbetteri	Bacteria;Bacteroidetes;Flavobacteriia;Flavobacteriales;Flavobacteriaceae;Capnocytophaga;Capnocytophaga leadbetteri
Cutibacterium_acnes	0.0	0.0	0.0220575	2.232053913	0.527601875	3.757704333	Cutibacterium	Bacteria;Actinobacteria;Actinomycetia;Propionibacteriales;Propionibacteriaceae;Cutibacterium;	Cutibacterium acnes	Bacteria;Actinobacteria;Actinomycetia;Propionibacteriales;Propionibacteriaceae;Cutibacterium;Cutibacterium acnes
Staphylococcus_aureus	4.75874	0.29993	1.12803125	0.065216957	0.019345	0.126292333	Staphylococcus	Bacteria;Firmicutes;Bacilli;Bacillales;Staphylococcaceae;Staphylococcus;	Staphylococcus aureus	Bacteria;Firmicutes;Bacilli;Bacillales;Staphylococcaceae;Staphylococcus;Staphylococcus aureus
Fusobacterium_hwasookii	0.0	0.0	0.0	1.918100435	1.011001875	2.929165	Fusobacterium	Bacteria;Fusobacteria;Fusobacteriia;Fusobacteriales;Fusobacteriaceae;Fusobacterium;	Fusobacterium hwasookii	Bacteria;Fusobacteria;Fusobacteriia;Fusobacteriales;Fusobacteriaceae;Fusobacterium;Fusobacterium hwasookii
Prevotella_denticola	0.0	0.0	0.0	1.880349565	0.63435875	3.329148333	Prevotella	Bacteria;Bacteroidetes;Bacteroidia;Bacteroidales;Prevotellaceae;Prevotella;	Prevotella denticola	Bacteria;Bacteroidetes;Bacteroidia;Bacteroidales;Prevotellaceae;Prevotella;Prevotella denticola
Prevotella_enoeca	0.0	0.0	0.0	2.108444348	0.88445875	2.514194333	Prevotella	Bacteria;Bacteroidetes;Bacteroidia;Bacteroidales;Prevotellaceae;Prevotella;	Prevotella enoeca	Bacteria;Bacteroidetes;Bacteroidia;Bacteroidales;Prevotellaceae;Prevotella;Prevotella enoeca
Prevotella_fusca	0.0	0.0	0.0	1.82347087	0.820346875	2.627290333	Prevotella	Bacteria;Bacteroidetes;Bacteroidia;Bacteroidales;Prevotellaceae;Prevotella;	Prevotella fusca	Bacteria;Bacteroidetes;Bacteroidia;Bacteroidales;Prevotellaceae;Prevotella;Prevotella fusca
Bifidobacterium_longum	0.0	0.04425	0.298040417	1.018251304	0.729003125	2.408119	Bifidobacterium	Bacteria;Actinobacteria;Actinomycetia;Bifidobacteriales;Bifidobacteriaceae;Bifidobacterium;	Bifidobacterium longum	Bacteria;Actinobacteria;Actinomycetia;Bifidobacteriales;Bifidobacteriaceae;Bifidobacterium;Bifidobacterium longum
Staphylococcus_lugdunensis	0.0	0.0	4.195177917	0.0	0.0	0.0	Staphylococcus	Bacteria;Firmicutes;Bacilli;Bacillales;Staphylococcaceae;Staphylococcus;	Staphylococcus lugdunensis	Bacteria;Firmicutes;Bacilli;Bacillales;Staphylococcaceae;Staphylococcus;Staphylococcus lugdunensis
Lactobacillus_gasseri	0.0	0.0	0.0	0.0	0.0	3.952478667	Lactobacillus	Bacteria;Firmicutes;Bacilli;Lactobacillales;Lactobacillaceae;Lactobacillus;	Lactobacillus gasseri	Bacteria;Firmicutes;Bacilli;Lactobacillales;Lactobacillaceae;Lactobacillus;Lactobacillus gasseri
Neisseria_elongata	0.0	0.0	0.0	0.756446087	1.063914375	2.078073667	Neisseria	Bacteria;Proteobacteria;Betaproteobacteria;Neisseriales;Neisseriaceae;Neisseria;	Neisseria elongata	Bacteria;Proteobacteria;Betaproteobacteria;Neisseriales;Neisseriaceae;Neisseria;Neisseria elongata
Capnocytophaga_gingivalis	0.0	0.0	0.0	2.17419087	1.0204325	0.700744	Capnocytophaga	Bacteria;Bacteroidetes;Flavobacteriia;Flavobacteriales;Flavobacteriaceae;Capnocytophaga;	Capnocytophaga gingivalis	Bacteria;Bacteroidetes;Flavobacteriia;Flavobacteriales;Flavobacteriaceae;Capnocytophaga;Capnocytophaga gingivalis
Rothia_dentocariosa	0.0	0.0	0.0	0.115908696	0.371083125	3.054017333	Rothia	Bacteria;Actinobacteria;Actinomycetia;Micrococcales;Micrococcaceae;Rothia;	Rothia dentocariosa	Bacteria;Actinobacteria;Actinomycetia;Micrococcales;Micrococcaceae;Rothia;Rothia dentocariosa
Raoultella_ornithinolytica	0.01894	0.0	3.266785833	0.0	0.0	0.0	Raoultella	Bacteria;Proteobacteria;Gammaproteobacteria;Enterobacterales;Enterobacteriaceae;Raoultella;	Raoultella ornithinolytica	Bacteria;Proteobacteria;Gammaproteobacteria;Enterobacterales;Enterobacteriaceae;Raoultella;Raoultella ornithinolytica
Enterococcus_faecium	0.0	0.0	3.139645	0.0	0.02632875	0.0	Enterococcus	Bacteria;Firmicutes;Bacilli;Lactobacillales;Enterococcaceae;Enterococcus;	Enterococcus faecium	Bacteria;Firmicutes;Bacilli;Lactobacillales;Enterococcaceae;Enterococcus;Enterococcus faecium
Lautropia_mirabilis	0.0	0.0	2.13475125	0.0	0.3964	0.60302	Lautropia	Bacteria;Proteobacteria;Betaproteobacteria;Burkholderiales;Burkholderiaceae;Lautropia;	Lautropia mirabilis	Bacteria;Proteobacteria;Betaproteobacteria;Burkholderiales;Burkholderiaceae;Lautropia;Lautropia mirabilis
Gemella_morbillorum	0.0	0.0	0.144574583	0.576442174	0.40203375	1.971872	Gemella	Bacteria;Firmicutes;Bacilli;Bacillales;;Gemella;	Gemella morbillorum	Bacteria;Firmicutes;Bacilli;Bacillales;;Gemella;Gemella morbillorum
Bifidobacterium_pseudocatenulatum	0.0	0.0	0.0	0.060133478	2.9728025	0.0	Bifidobacterium	Bacteria;Actinobacteria;Actinomycetia;Bifidobacteriales;Bifidobacteriaceae;Bifidobacterium;	Bifidobacterium pseudocatenulatum	Bacteria;Actinobacteria;Actinomycetia;Bifidobacteriales;Bifidobacteriaceae;Bifidobacterium;Bifidobacterium pseudocatenulatum
Escherichia_fergusonii	0.0	2.47715	0.139171667	0.0	0.010236875	0.002250667	Escherichia	Bacteria;Proteobacteria;Gammaproteobacteria;Enterobacterales;Enterobacteriaceae;Escherichia;	Escherichia fergusonii	Bacteria;Proteobacteria;Gammaproteobacteria;Enterobacterales;Enterobacteriaceae;Escherichia;Escherichia fergusonii
Rothia_aeria	0.0	0.0	0.0	0.061940435	0.59096125	1.950029333	Rothia	Bacteria;Actinobacteria;Actinomycetia;Micrococcales;Micrococcaceae;Rothia;	Rothia aeria	Bacteria;Actinobacteria;Actinomycetia;Micrococcales;Micrococcaceae;Rothia;Rothia aeria
Streptococcus_constellatus	0.0	0.68164	0.0	0.006766957	0.09093625	1.792857	Streptococcus	Bacteria;Firmicutes;Bacilli;Lactobacillales;Streptococcaceae;Streptococcus;	Streptococcus constellatus	Bacteria;Firmicutes;Bacilli;Lactobacillales;Streptococcaceae;Streptococcus;Streptococcus constellatus
Fusobacterium_nucleatum	0.0	0.0	0.0	0.656354783	0.45586375	1.352510333	Fusobacterium	Bacteria;Fusobacteria;Fusobacteriia;Fusobacteriales;Fusobacteriaceae;Fusobacterium;	Fusobacterium nucleatum	Bacteria;Fusobacteria;Fusobacteriia;Fusobacteriales;Fusobacteriaceae;Fusobacterium;Fusobacterium nucleatum
Streptococcus_intermedius	0.0	0.37749	0.0	0.060626087	0.025988125	1.894960667	Streptococcus	Bacteria;Firmicutes;Bacilli;Lactobacillales;Streptococcaceae;Streptococcus;	Streptococcus intermedius	Bacteria;Firmicutes;Bacilli;Lactobacillales;Streptococcaceae;Streptococcus;Streptococcus intermedius
Staphylococcus_capitis	0.0	2.14526	0.112095417	0.0	0.016064375	0.029716333	Staphylococcus	Bacteria;Firmicutes;Bacilli;Bacillales;Staphylococcaceae;Staphylococcus;	Staphylococcus capitis	Bacteria;Firmicutes;Bacilli;Bacillales;Staphylococcaceae;Staphylococcus;Staphylococcus capitis
Bifidobacterium_bifidum	0.0	0.0	2.229050833	0.0	0.039173125	0.0	Bifidobacterium	Bacteria;Actinobacteria;Actinomycetia;Bifidobacteriales;Bifidobacteriaceae;Bifidobacterium;	Bifidobacterium bifidum	Bacteria;Actinobacteria;Actinomycetia;Bifidobacteriales;Bifidobacteriaceae;Bifidobacterium;Bifidobacterium bifidum
Escherichia_albertii	0.0	1.91088	0.055834167	0.0	0.0026675	0.0	Escherichia	Bacteria;Proteobacteria;Gammaproteobacteria;Enterobacterales;Enterobacteriaceae;Escherichia;	Escherichia albertii	Bacteria;Proteobacteria;Gammaproteobacteria;Enterobacterales;Enterobacteriaceae;Escherichia;Escherichia albertii
Moraxella_catarrhalis	0.0	0.0	0.0	0.329273043	0.053753125	1.469836667	Moraxella	Bacteria;Proteobacteria;Gammaproteobacteria;Pseudomonadales;Moraxellaceae;Moraxella;	Moraxella catarrhalis	Bacteria;Proteobacteria;Gammaproteobacteria;Pseudomonadales;Moraxellaceae;Moraxella;Moraxella catarrhalis
Streptococcus_himalayensis	0.0	0.0	0.0	0.094225217	0.064105	1.661617667	Streptococcus	Bacteria;Firmicutes;Bacilli;Lactobacillales;Streptococcaceae;Streptococcus;	Streptococcus himalayensis	Bacteria;Firmicutes;Bacilli;Lactobacillales;Streptococcaceae;Streptococcus;Streptococcus himalayensis
Streptococcus_suis	0.0	0.0	0.0	0.0	0.075136875	1.622503	Streptococcus	Bacteria;Firmicutes;Bacilli;Lactobacillales;Streptococcaceae;Streptococcus;	Streptococcus suis	Bacteria;Firmicutes;Bacilli;Lactobacillales;Streptococcaceae;Streptococcus;Streptococcus suis
Prevotella_intermedia	0.0	0.0	0.0	0.0	0.6907	0.720467333	Prevotella	Bacteria;Bacteroidetes;Bacteroidia;Bacteroidales;Prevotellaceae;Prevotella;	Prevotella intermedia	Bacteria;Bacteroidetes;Bacteroidia;Bacteroidales;Prevotellaceae;Prevotella;Prevotella intermedia
Eubacterium_sulci	0.0	0.0	0.0	0.744992174	0.2325575	0.425913333	Eubacterium	Bacteria;Firmicutes;Clostridia;Eubacteriales;Eubacteriaceae;Eubacterium;	Eubacterium sulci	Bacteria;Firmicutes;Clostridia;Eubacteriales;Clostridiales Family XIII. Incertae Sedis;;[Eubacterium] sulci
Streptococcus_lutetiensis	0.0	0.0	0.0	0.0	0.0	1.366029667	Streptococcus	Bacteria;Firmicutes;Bacilli;Lactobacillales;Streptococcaceae;Streptococcus;	Streptococcus lutetiensis	Bacteria;Firmicutes;Bacilli;Lactobacillales;Streptococcaceae;Streptococcus;Streptococcus lutetiensis
Bifidobacterium_scardovii	0.0	0.0	0.003985833	0.056289565	1.2048425	0.026996667	Bifidobacterium	Bacteria;Actinobacteria;Actinomycetia;Bifidobacteriales;Bifidobacteriaceae;Bifidobacterium;	Bifidobacterium scardovii	Bacteria;Actinobacteria;Actinomycetia;Bifidobacteriales;Bifidobacteriaceae;Bifidobacterium;Bifidobacterium scardovii
Escherichia_marmotae	0.0	1.14939	0.04565375	0.0	0.00966125	0.0	Escherichia	Bacteria;Proteobacteria;Gammaproteobacteria;Enterobacterales;Enterobacteriaceae;Escherichia;	Escherichia marmotae	Bacteria;Proteobacteria;Gammaproteobacteria;Enterobacterales;Enterobacteriaceae;Escherichia;Escherichia marmotae
Abiotrophia_defectiva	0.0	0.0	0.0	0.0	0.176370625	0.846027	Abiotrophia	Bacteria;Firmicutes;Bacilli;Lactobacillales;Aerococcaceae;Abiotrophia;	Abiotrophia defectiva	Bacteria;Firmicutes;Bacilli;Lactobacillales;Aerococcaceae;Abiotrophia;Abiotrophia defectiva
Aggregatibacter_aphrophilus	0.0	0.0	0.027007917	0.378754783	0.153554375	0.409302333	Aggregatibacter	Bacteria;Proteobacteria;Gammaproteobacteria;Pasteurellales;Pasteurellaceae;Aggregatibacter;	Aggregatibacter aphrophilus	Bacteria;Proteobacteria;Gammaproteobacteria;Pasteurellales;Pasteurellaceae;Aggregatibacter;Aggregatibacter aphrophilus
Streptococcus_iniae	0.0	0.0	0.0	0.0	0.0	0.923079667	Streptococcus	Bacteria;Firmicutes;Bacilli;Lactobacillales;Streptococcaceae;Streptococcus;	Streptococcus iniae	Bacteria;Firmicutes;Bacilli;Lactobacillales;Streptococcaceae;Streptococcus;Streptococcus iniae
Klebsiella_michiganensis	0.0	0.0	0.860311667	0.0	0.0	0.0	Klebsiella	Bacteria;Proteobacteria;Gammaproteobacteria;Enterobacterales;Enterobacteriaceae;Klebsiella;	Klebsiella michiganensis	Bacteria;Proteobacteria;Gammaproteobacteria;Enterobacterales;Enterobacteriaceae;Klebsiella;Klebsiella michiganensis
Streptococcus_infantarius	0.0	0.0	0.0	0.0	0.0	0.788258333	Streptococcus	Bacteria;Firmicutes;Bacilli;Lactobacillales;Streptococcaceae;Streptococcus;	Streptococcus infantarius	Bacteria;Firmicutes;Bacilli;Lactobacillales;Streptococcaceae;Streptococcus;Streptococcus infantarius
Streptococcus_marmotae	0.0	0.0	0.0	0.0	0.01955375	0.690812	Streptococcus	Bacteria;Firmicutes;Bacilli;Lactobacillales;Streptococcaceae;Streptococcus;	Streptococcus marmotae	Bacteria;Firmicutes;Bacilli;Lactobacillales;Streptococcaceae;Streptococcus;Streptococcus marmotae
Mycoplasma_hominis	0.0	0.0	0.611982083	0.0	0.085886875	0.0	Mycoplasma	Bacteria;Tenericutes;Mollicutes;Mycoplasmatales;Mycoplasmataceae;Mycoplasma;	Mycoplasma hominis	Bacteria;Tenericutes;Mollicutes;Mycoplasmatales;Mycoplasmataceae;Mycoplasma;Mycoplasma hominis
Moraxella_osloensis	0.0	0.0	0.0	0.210175652	0.337048125	0.089700333	Moraxella	Bacteria;Proteobacteria;Gammaproteobacteria;Pseudomonadales;Moraxellaceae;Moraxella;	Moraxella osloensis	Bacteria;Proteobacteria;Gammaproteobacteria;Pseudomonadales;Moraxellaceae;Moraxella;Moraxella osloensis
Streptococcus_agalactiae	0.0	0.0	0.0	0.080442609	0.0	0.542100333	Streptococcus	Bacteria;Firmicutes;Bacilli;Lactobacillales;Streptococcaceae;Streptococcus;	Streptococcus agalactiae	Bacteria;Firmicutes;Bacilli;Lactobacillales;Streptococcaceae;Streptococcus;Streptococcus agalactiae
Streptococcus_mutans	0.0	0.0	0.0	0.0	0.0	0.587185333	Streptococcus	Bacteria;Firmicutes;Bacilli;Lactobacillales;Streptococcaceae;Streptococcus;	Streptococcus mutans	Bacteria;Firmicutes;Bacilli;Lactobacillales;Streptococcaceae;Streptococcus;Streptococcus mutans
Streptobacillus_moniliformis	0.0	0.0	0.0	0.042596957	0.23315625	0.306306	Streptobacillus	Bacteria;Fusobacteria;Fusobacteriia;Fusobacteriales;Leptotrichiaceae;Streptobacillus;	Streptobacillus moniliformis	Bacteria;Fusobacteria;Fusobacteriia;Fusobacteriales;Leptotrichiaceae;Streptobacillus;Streptobacillus moniliformis
Porphyromonas_gingivalis	0.0	0.0	0.0	0.295063478	0.125876875	0.100046333	Porphyromonas	Bacteria;Bacteroidetes;Bacteroidia;Bacteroidales;Porphyromonadaceae;Porphyromonas;	Porphyromonas gingivalis	Bacteria;Bacteroidetes;Bacteroidia;Bacteroidales;Porphyromonadaceae;Porphyromonas;Porphyromonas gingivalis
Porphyromonas_asaccharolytica	0.0	0.0	0.0	0.25874913	0.0289525	0.224973667	Porphyromonas	Bacteria;Bacteroidetes;Bacteroidia;Bacteroidales;Porphyromonadaceae;Porphyromonas;	Porphyromonas asaccharolytica	Bacteria;Bacteroidetes;Bacteroidia;Bacteroidales;Porphyromonadaceae;Porphyromonas;Porphyromonas asaccharolytica
Filifactor_alocis	0.0	0.0	0.0	0.009651304	0.100529375	0.375685333	Filifactor	Bacteria;Firmicutes;Clostridia;Eubacteriales;Peptostreptococcaceae;Filifactor;	Filifactor alocis	Bacteria;Firmicutes;Clostridia;Eubacteriales;Peptostreptococcaceae;Filifactor;Filifactor alocis
Klebsiella_oxytoca	0.0	0.0	0.482074167	0.0	0.0	0.0	Klebsiella	Bacteria;Proteobacteria;Gammaproteobacteria;Enterobacterales;Enterobacteriaceae;Klebsiella;	Klebsiella oxytoca	Bacteria;Proteobacteria;Gammaproteobacteria;Enterobacterales;Enterobacteriaceae;Klebsiella;Klebsiella oxytoca
Streptococcus_dysgalactiae	0.0	0.0	0.0	0.0	0.0	0.479550667	Streptococcus	Bacteria;Firmicutes;Bacilli;Lactobacillales;Streptococcaceae;Streptococcus;	Streptococcus dysgalactiae	Bacteria;Firmicutes;Bacilli;Lactobacillales;Streptococcaceae;Streptococcus;Streptococcus dysgalactiae
Staphylococcus_saprophyticus	0.0	0.0	0.0	0.329273043	0.126940625	0.000947	Staphylococcus	Bacteria;Firmicutes;Bacilli;Bacillales;Staphylococcaceae;Staphylococcus;	Staphylococcus saprophyticus	Bacteria;Firmicutes;Bacilli;Bacillales;Staphylococcaceae;Staphylococcus;Staphylococcus saprophyticus
Prevotella_ruminicola	0.0	0.0	0.0	0.149281739	0.03750375	0.261661667	Prevotella	Bacteria;Bacteroidetes;Bacteroidia;Bacteroidales;Prevotellaceae;Prevotella;	Prevotella ruminicola	Bacteria;Bacteroidetes;Bacteroidia;Bacteroidales;Prevotellaceae;Prevotella;Prevotella ruminicola
Acinetobacter_johnsonii	0.0	0.0	0.0	0.050812174	0.331215625	0.053378667	Acinetobacter	Bacteria;Proteobacteria;Gammaproteobacteria;Pseudomonadales;Moraxellaceae;Acinetobacter;	Acinetobacter johnsonii	Bacteria;Proteobacteria;Gammaproteobacteria;Pseudomonadales;Moraxellaceae;Acinetobacter;Acinetobacter johnsonii
Streptococcus_parauberis	0.0	0.0	0.0	0.0	0.0	0.431451	Streptococcus	Bacteria;Firmicutes;Bacilli;Lactobacillales;Streptococcaceae;Streptococcus;	Streptococcus parauberis	Bacteria;Firmicutes;Bacilli;Lactobacillales;Streptococcaceae;Streptococcus;Streptococcus parauberis
Lactococcus_lactis	0.0	0.0	0.0	0.032066957	0.32053375	0.077424333	Lactococcus	Bacteria;Firmicutes;Bacilli;Lactobacillales;Streptococcaceae;Lactococcus;	Lactococcus lactis	Bacteria;Firmicutes;Bacilli;Lactobacillales;Streptococcaceae;Lactococcus;Lactococcus lactis
Streptococcus_halotolerans	0.0	0.0	0.0	0.0	0.0	0.365953333	Streptococcus	Bacteria;Firmicutes;Bacilli;Lactobacillales;Streptococcaceae;Streptococcus;	Streptococcus halotolerans	Bacteria;Firmicutes;Bacilli;Lactobacillales;Streptococcaceae;Streptococcus;Streptococcus halotolerans
Staphylococcus_argenteus	0.22081	0.0	0.048052917	0.0	0.0	0.003912333	Staphylococcus	Bacteria;Firmicutes;Bacilli;Bacillales;Staphylococcaceae;Staphylococcus;	Staphylococcus argenteus	Bacteria;Firmicutes;Bacilli;Bacillales;Staphylococcaceae;Staphylococcus;Staphylococcus argenteus
Micrococcus_luteus	0.0	0.0	0.0	0.131678696	0.027833125	0.102442333	Micrococcus	Bacteria;Actinobacteria;Actinomycetia;Micrococcales;Micrococcaceae;Micrococcus;	Micrococcus luteus	Bacteria;Actinobacteria;Actinomycetia;Micrococcales;Micrococcaceae;Micrococcus;Micrococcus luteus
Capnocytophaga_ochracea	0.0	0.0	0.0	0.0	0.02141875	0.229770333	Capnocytophaga	Bacteria;Bacteroidetes;Flavobacteriia;Flavobacteriales;Flavobacteriaceae;Capnocytophaga;	Capnocytophaga ochracea	Bacteria;Bacteroidetes;Flavobacteriia;Flavobacteriales;Flavobacteriaceae;Capnocytophaga;Capnocytophaga ochracea
Klebsiella_quasipneumoniae	0.0	0.04135	0.193754167	0.0	0.0072	0.0	Klebsiella	Bacteria;Proteobacteria;Gammaproteobacteria;Enterobacterales;Enterobacteriaceae;Klebsiella;	Klebsiella quasipneumoniae	Bacteria;Proteobacteria;Gammaproteobacteria;Enterobacterales;Enterobacteriaceae;Klebsiella;Klebsiella quasipneumoniae
Citrobacter_portucalensis	0.0	0.0	0.2342375	0.001741304	0.0	0.0	Citrobacter	Bacteria;Proteobacteria;Gammaproteobacteria;Enterobacterales;Enterobacteriaceae;Citrobacter;	Citrobacter portucalensis	Bacteria;Proteobacteria;Gammaproteobacteria;Enterobacterales;Enterobacteriaceae;Citrobacter;Citrobacter portucalensis
Citrobacter_rodentium	0.0	0.22571	0.002707917	0.0	0.0	0.0	Citrobacter	Bacteria;Proteobacteria;Gammaproteobacteria;Enterobacterales;Enterobacteriaceae;Citrobacter;	Citrobacter rodentium	Bacteria;Proteobacteria;Gammaproteobacteria;Enterobacterales;Enterobacteriaceae;Citrobacter;Citrobacter rodentium
Actinomyces_gaoshouyii	0.0	0.0	0.0	0.010583043	0.0	0.217389667	Actinomyces	Bacteria;Actinobacteria;Actinomycetia;Actinomycetales;Actinomycetaceae;Actinomyces;	Actinomyces gaoshouyii	Bacteria;Actinobacteria;Actinomycetia;Actinomycetales;Actinomycetaceae;Actinomyces;Actinomyces gaoshouyii
Actinomyces_radicidentis	0.0	0.0	0.0	0.007215217	0.0	0.209318333	Actinomyces	Bacteria;Actinobacteria;Actinomycetia;Actinomycetales;Actinomycetaceae;Actinomyces;	Actinomyces radicidentis	Bacteria;Actinobacteria;Actinomycetia;Actinomycetales;Actinomycetaceae;Actinomyces;Actinomyces radicidentis
Erysipelotrichaceae_bacterium	0.0	0.0	0.0	0.0	0.213636875	0.0	Erysipelotrichaceae	Bacteria;Firmicutes;Erysipelotrichia;Erysipelotrichales;Erysipelotrichaceae;;	Erysipelotrichaceae bacterium	Bacteria;Firmicutes;Erysipelotrichia;Erysipelotrichales;Erysipelotrichaceae;;Erysipelotrichaceae bacterium
Klebsiella_variicola	0.0	0.03111	0.156383333	0.0	0.015955625	0.0	Klebsiella	Bacteria;Proteobacteria;Gammaproteobacteria;Enterobacterales;Enterobacteriaceae;Klebsiella;	Klebsiella variicola	Bacteria;Proteobacteria;Gammaproteobacteria;Enterobacterales;Enterobacteriaceae;Klebsiella;Klebsiella variicola
Tannerella_forsythia	0.0	0.0	0.0	0.045068261	0.057006875	0.100632	Tannerella	Bacteria;Bacteroidetes;Bacteroidia;Bacteroidales;Tannerellaceae;Tannerella;	Tannerella forsythia	Bacteria;Bacteroidetes;Bacteroidia;Bacteroidales;Tannerellaceae;Tannerella;Tannerella forsythia
Prevotella_dentalis	0.0	0.0	0.0	0.015166522	0.0	0.169714667	Prevotella	Bacteria;Bacteroidetes;Bacteroidia;Bacteroidales;Prevotellaceae;Prevotella;	Prevotella dentalis	Bacteria;Bacteroidetes;Bacteroidia;Bacteroidales;Prevotellaceae;Prevotella;Prevotella dentalis
Bifidobacterium_catenulatum	0.0	0.0	0.0	0.0	0.173940625	0.0	Bifidobacterium	Bacteria;Actinobacteria;Actinomycetia;Bifidobacteriales;Bifidobacteriaceae;Bifidobacterium;	Bifidobacterium catenulatum	Bacteria;Actinobacteria;Actinomycetia;Bifidobacteriales;Bifidobacteriaceae;Bifidobacterium;Bifidobacterium catenulatum
Edwardsiella_ictaluri	0.0	0.0	0.170783333	0.0	0.0	0.0	Edwardsiella	Bacteria;Proteobacteria;Gammaproteobacteria;Enterobacterales;Hafniaceae;Edwardsiella;	Edwardsiella ictaluri	Bacteria;Proteobacteria;Gammaproteobacteria;Enterobacterales;Hafniaceae;Edwardsiella;Edwardsiella ictaluri
Macrococcus_caseolyticus	0.0	0.0	0.0	0.0	0.1706	0.0	Macrococcus	Bacteria;Firmicutes;Bacilli;Bacillales;Staphylococcaceae;Macrococcus;	Macrococcus caseolyticus	Bacteria;Firmicutes;Bacilli;Bacillales;Staphylococcaceae;Macrococcus;Macrococcus caseolyticus
Klebsiella_quasivariicola	0.0	0.03041	0.126151667	0.0	0.010434375	0.0	Klebsiella	Bacteria;Proteobacteria;Gammaproteobacteria;Enterobacterales;Enterobacteriaceae;Klebsiella;	Klebsiella quasivariicola	Bacteria;Proteobacteria;Gammaproteobacteria;Enterobacterales;Enterobacteriaceae;Klebsiella;Klebsiella quasivariicola
Enterobacteriaceae_bacterium	0.0	0.14757	0.003925833	0.0	0.0	0.0	Enterobacteriaceae	Bacteria;Proteobacteria;Gammaproteobacteria;Enterobacterales;Enterobacteriaceae;;	Enterobacteriaceae bacterium	Bacteria;Proteobacteria;Gammaproteobacteria;Enterobacterales;Enterobacteriaceae;;Enterobacteriaceae bacterium
Barnesiella_viscericola	0.0	0.0	0.0	0.012569565	0.013956875	0.120981	Barnesiella	Bacteria;Bacteroidetes;Bacteroidia;Bacteroidales;Barnesiellaceae;Barnesiella;	Barnesiella viscericola	Bacteria;Bacteroidetes;Bacteroidia;Bacteroidales;Barnesiellaceae;Barnesiella;Barnesiella viscericola
Acinetobacter_pittii	0.0	0.0	0.0	0.039906522	0.09003625	0.011698333	Acinetobacter	Bacteria;Proteobacteria;Gammaproteobacteria;Pseudomonadales;Moraxellaceae;Acinetobacter;	Acinetobacter pittii	Bacteria;Proteobacteria;Gammaproteobacteria;Pseudomonadales;Moraxellaceae;Acinetobacter;Acinetobacter pittii
Bifidobacterium_kashiwanohense	0.0	0.0	0.02430125	0.00293913	0.106399375	0.0	Bifidobacterium	Bacteria;Actinobacteria;Actinomycetia;Bifidobacteriales;Bifidobacteriaceae;Bifidobacterium;	Bifidobacterium kashiwanohense	Bacteria;Actinobacteria;Actinomycetia;Bifidobacteriales;Bifidobacteriaceae;Bifidobacterium;Bifidobacterium catenulatum
Corynebacterium_argentoratense	0.0	0.0	0.0	0.058624783	0.0	0.069934	Corynebacterium	Bacteria;Actinobacteria;Actinomycetia;Corynebacteriales;Corynebacteriaceae;Corynebacterium;	Corynebacterium argentoratense	Bacteria;Actinobacteria;Actinomycetia;Corynebacteriales;Corynebacteriaceae;Corynebacterium;Corynebacterium argentoratense
Neisseria_bacilliformis	0.0	0.0	0.0	0.006864348	0.0502125	0.069501	Neisseria	Bacteria;Proteobacteria;Betaproteobacteria;Neisseriales;Neisseriaceae;Neisseria;	Neisseria bacilliformis	Bacteria;Proteobacteria;Betaproteobacteria;Neisseriales;Neisseriaceae;Neisseria;Neisseria bacilliformis
Clostridium_perfringens	0.0	0.0	0.101295	0.0	0.00645875	0.0	Clostridium	Bacteria;Firmicutes;Clostridia;Eubacteriales;Clostridiaceae;Clostridium;	Clostridium perfringens	Bacteria;Firmicutes;Clostridia;Eubacteriales;Clostridiaceae;Clostridium;Clostridium perfringens
Lactobacillus_johnsonii	0.0	0.0	0.0	0.0	0.0	0.103395333	Lactobacillus	Bacteria;Firmicutes;Bacilli;Lactobacillales;Lactobacillaceae;Lactobacillus;	Lactobacillus johnsonii	Bacteria;Firmicutes;Bacilli;Lactobacillales;Lactobacillaceae;Lactobacillus;Lactobacillus johnsonii
Kingella_kingae	0.0	0.0	0.0	0.053411304	0.022705	0.023159667	Kingella	Bacteria;Proteobacteria;Betaproteobacteria;Neisseriales;Neisseriaceae;Kingella;	Kingella kingae	Bacteria;Proteobacteria;Betaproteobacteria;Neisseriales;Neisseriaceae;Kingella;Kingella kingae
Streptococcus_pyogenes	0.0	0.0	0.0	0.0	0.0	0.099150667	Streptococcus	Bacteria;Firmicutes;Bacilli;Lactobacillales;Streptococcaceae;Streptococcus;	Streptococcus pyogenes	Bacteria;Firmicutes;Bacilli;Lactobacillales;Streptococcaceae;Streptococcus;Streptococcus pyogenes
Sebaldella_termitidis	0.0	0.0	0.0	0.008506087	0.01142	0.078454667	Sebaldella	Bacteria;Fusobacteria;Fusobacteriia;Fusobacteriales;Leptotrichiaceae;Sebaldella;	Sebaldella termitidis	Bacteria;Fusobacteria;Fusobacteriia;Fusobacteriales;Leptotrichiaceae;Sebaldella;Sebaldella termitidis
Actinomyces_oris	0.0	0.0	0.0	0.0	0.024508125	0.064817	Actinomyces	Bacteria;Actinobacteria;Actinomycetia;Actinomycetales;Actinomycetaceae;Actinomyces;	Actinomyces oris	Bacteria;Actinobacteria;Actinomycetia;Actinomycetales;Actinomycetaceae;Actinomyces;Actinomyces oris
Corynebacterium_variabile	0.0	0.0	0.0	0.016964348	0.070118125	0.0	Corynebacterium	Bacteria;Actinobacteria;Actinomycetia;Corynebacteriales;Corynebacteriaceae;Corynebacterium;	Corynebacterium variabile	Bacteria;Actinobacteria;Actinomycetia;Corynebacteriales;Corynebacteriaceae;Corynebacterium;Corynebacterium variabile
Corynebacterium_lactis	0.0	0.0	0.081165	0.0	0.0	0.0	Corynebacterium	Bacteria;Actinobacteria;Actinomycetia;Corynebacteriales;Corynebacteriaceae;Corynebacterium;	Corynebacterium lactis	Bacteria;Actinobacteria;Actinomycetia;Corynebacteriales;Corynebacteriaceae;Corynebacterium;Corynebacterium lactis
Faecalibacterium_prausnitzii	0.0	0.0	0.0	0.004858261	0.07042	0.0	Faecalibacterium	Bacteria;Firmicutes;Clostridia;Eubacteriales;Oscillospiraceae;Faecalibacterium;	Faecalibacterium prausnitzii	Bacteria;Firmicutes;Clostridia;Eubacteriales;Oscillospiraceae;Faecalibacterium;Faecalibacterium prausnitzii
Bacteroides_salanitronis	0.0	0.0	0.0	0.033796087	0.00693875	0.031117	Bacteroides	Bacteria;Bacteroidetes;Bacteroidia;Bacteroidales;Bacteroidaceae;Bacteroides;	Bacteroides salanitronis	Bacteria;Bacteroidetes;Bacteroidia;Bacteroidales;;Phocaeicola;Phocaeicola salanitronis
Streptococcus_uberis	0.0	0.0	0.0	0.0	0.0	0.071066333	Streptococcus	Bacteria;Firmicutes;Bacilli;Lactobacillales;Streptococcaceae;Streptococcus;	Streptococcus uberis	Bacteria;Firmicutes;Bacilli;Lactobacillales;Streptococcaceae;Streptococcus;Streptococcus uberis
Kocuria_flava	0.0	0.0	0.0	0.0	0.0	0.070397333	Kocuria	Bacteria;Actinobacteria;Actinomycetia;Micrococcales;Micrococcaceae;Kocuria;	Kocuria flava	Bacteria;Actinobacteria;Actinomycetia;Micrococcales;Micrococcaceae;Kocuria;Kocuria flava
Streptococcus_macedonicus	0.0	0.0	0.0	0.0	0.0	0.069964333	Streptococcus	Bacteria;Firmicutes;Bacilli;Lactobacillales;Streptococcaceae;Streptococcus;	Streptococcus macedonicus	Bacteria;Firmicutes;Bacilli;Lactobacillales;Streptococcaceae;Streptococcus;Streptococcus macedonicus
Parabacteroides_distasonis	0.0	0.0	0.0	0.04409087	0.018351875	0.003712333	Parabacteroides	Bacteria;Bacteroidetes;Bacteroidia;Bacteroidales;Tannerellaceae;Parabacteroides;	Parabacteroides distasonis	Bacteria;Bacteroidetes;Bacteroidia;Bacteroidales;Tannerellaceae;Parabacteroides;Parabacteroides distasonis
Corynebacterium_callunae	0.0	0.0	0.0	0.061864348	0.0	0.0	Corynebacterium	Bacteria;Actinobacteria;Actinomycetia;Corynebacteriales;Corynebacteriaceae;Corynebacterium;	Corynebacterium callunae	Bacteria;Actinobacteria;Actinomycetia;Corynebacteriales;Corynebacteriaceae;Corynebacterium;Corynebacterium callunae
Actinomyces_naeslundii	0.0	0.0	0.0	0.0	0.01905125	0.040306	Actinomyces	Bacteria;Actinobacteria;Actinomycetia;Actinomycetales;Actinomycetaceae;Actinomyces;	Actinomyces naeslundii	Bacteria;Actinobacteria;Actinomycetia;Actinomycetales;Actinomycetaceae;Actinomyces;Actinomyces naeslundii
Citrobacter_koseri	0.0	0.0	0.04487875	0.007603043	0.00337375	0.0	Citrobacter	Bacteria;Proteobacteria;Gammaproteobacteria;Enterobacterales;Enterobacteriaceae;Citrobacter;	Citrobacter koseri	Bacteria;Proteobacteria;Gammaproteobacteria;Enterobacterales;Enterobacteriaceae;Citrobacter;Citrobacter koseri
Aggregatibacter_actinomycetemcomitans	0.0	0.0	0.0	0.0	0.026836875	0.028502	Aggregatibacter	Bacteria;Proteobacteria;Gammaproteobacteria;Pasteurellales;Pasteurellaceae;Aggregatibacter;	Aggregatibacter actinomycetemcomitans	Bacteria;Proteobacteria;Gammaproteobacteria;Pasteurellales;Pasteurellaceae;Aggregatibacter;Aggregatibacter actinomycetemcomitans
Corynebacterium_kroppenstedtii	0.0	0.0	0.0	0.0	0.0	0.053271333	Corynebacterium	Bacteria;Actinobacteria;Actinomycetia;Corynebacteriales;Corynebacteriaceae;Corynebacterium;	Corynebacterium kroppenstedtii	Bacteria;Actinobacteria;Actinomycetia;Corynebacteriales;Corynebacteriaceae;Corynebacterium;Corynebacterium kroppenstedtii
Riemerella_anatipestifer	0.0	0.0	0.0	0.04127	0.0	0.011217	Riemerella	Bacteria;Bacteroidetes;Flavobacteriia;Flavobacteriales;Weeksellaceae;Riemerella;	Riemerella anatipestifer	Bacteria;Bacteroidetes;Flavobacteriia;Flavobacteriales;Weeksellaceae;Riemerella;Riemerella anatipestifer
Bacteroides_helcogenes	0.0	0.0	0.0	0.0	0.048409375	0.003802667	Bacteroides	Bacteria;Bacteroidetes;Bacteroidia;Bacteroidales;Bacteroidaceae;Bacteroides;	Bacteroides helcogenes	Bacteria;Bacteroidetes;Bacteroidia;Bacteroidales;Bacteroidaceae;Bacteroides;Bacteroides helcogenes
Roseburia_hominis	0.0	0.0	0.0	0.001071304	0.01460625	0.035096	Roseburia	Bacteria;Firmicutes;Clostridia;Eubacteriales;Lachnospiraceae;Roseburia;	Roseburia hominis	Bacteria;Firmicutes;Clostridia;Eubacteriales;Lachnospiraceae;Roseburia;Roseburia hominis
Citrobacter_braakii	0.0	0.0	0.049664583	0.0	0.0	0.0	Citrobacter	Bacteria;Proteobacteria;Gammaproteobacteria;Enterobacterales;Enterobacteriaceae;Citrobacter;	Citrobacter braakii	Bacteria;Proteobacteria;Gammaproteobacteria;Enterobacterales;Enterobacteriaceae;Citrobacter;Citrobacter braakii
Carnobacterium_divergens	0.0	0.0	0.0	0.0	0.0	0.049525	Carnobacterium	Bacteria;Firmicutes;Bacilli;Lactobacillales;Carnobacteriaceae;Carnobacterium;	Carnobacterium divergens	Bacteria;Firmicutes;Bacilli;Lactobacillales;Carnobacteriaceae;Carnobacterium;Carnobacterium divergens
